{"accuracy": 0.7866666666666666, "recall": 0.6111111111111112, "roc_auc": 0.7977248677248677, "mae": 0.21333333333333335, "rmse": 0.46188021535170065, "f1": 0.6321839080459771}